Line No.,Order Code,RoHS Compliant?,Your Part No,Notes,Qty,Mfr Part No,Manufacturer Name,Manufacturer / Description,Availability,Unit Price,Line Price,Discount Price
1,4017902,RoHS: YES / PHTHALATES: YES,,,1.0,"AD9767ASTZ",ANALOG DEVICES,"ANALOG DEVICES  Digital to Analogue Converter, 14 bit, 125 MSPS, CMOS, Parallel, TTL, 2.7V to 5.5V, 3V to 5.5V",23,38.9100,38.91,,
2,3596297,RoHS: YES / PHTHALATES: YES,,,2.0,"MAX11198ATE+T",ANALOG DEVICES,"ANALOG DEVICES  Analogue to Digital Converter, 16 bit, 2 MSPS, Single Ended, SPI, Single, 3 V",4249,15.7600,31.52,,
3,3226225,RoHS: YES / PHTHALATES: YES,,,4.0,"M20-8770642R",HARWIN,"HARWIN  Pin Header, Board-to-Board, 2.54 mm, 1 Rows, 6 Contacts, Surface Mount, M20-87",349,0.7500,3.00,,
4,4019632,RoHS: YES / PHTHALATES: YES,,,3.0,"AD8055ARZ",ANALOG DEVICES,"ANALOG DEVICES  Operational Amplifier, 1 Amplifier, 300 MHz, 1.4 kV/µs, ± 4V to ± 6V, NSOIC, 8 Pins",340,3.0600,9.18,,
5,3920669,RoHS: YES / PHTHALATES: YES,,,1.0,"MAX1681ESA+T",ANALOG DEVICES,"ANALOG DEVICES  Voltage Converter, Charge Pump, Doubler, Inverting, 3 to 5.5 Vin, -3 to -5.5 Vout, NSOIC-8",2430,6.3200,6.32,,
6,1256663,RoHS: YES / PHTHALATES: YES,,,6.0,"M20-7872042",HARWIN,"HARWIN  PCB Receptacle, Board-to-Board, 2.54 mm, 2 Rows, 40 Contacts, Surface Mount, M20",550,5.8400,35.04,,
7,1339820,RoHS: Y-EX / PHTHALATES: YES,,,2.0,"901-144-8RFX",AMPHENOL RF,"AMPHENOL RF  RF / Coaxial Connector, SMA Coaxial, Straight Jack, Solder, 50 ohm, Beryllium Copper",2844,4.6500,9.30,,
8,2466318,RoHS: YES / PHTHALATES: YES,,,10.0,"865080543009",WURTH ELEKTRONIK,"WURTH ELEKTRONIK  SMD Aluminium Electrolytic Capacitor, Radial Can - SMD, 47 µF, 35 V, 2000 hours @ 105°C, Polar",4081,0.2770,2.77,,
9,3873520,RoHS: YES / PHTHALATES: YES,,,20.0,"AC0201KRX5R6BB223",YAGEO,"YAGEO  SMD Multilayer Ceramic Capacitor, 22000 pF, 10 V, 0201 [0603 Metric], ± 10%, X5R, AC Series",15000,0.0226,0.45,,
10,2799184,RoHS: YES / PHTHALATES: YES,,,2.0,"MAX6071BAUT41+T",ANALOG DEVICES,"ANALOG DEVICES  Voltage Reference, Series - Fixed, MAX6071 Series, 4.096V, 0.08 %, ± 2ppm/°C, SOT-23-6",4868,2.6800,5.36,,

,,,,,,,Sub Total,141.85
,,,,,,,Goods Total,141.85
,,,,,,,Delivery,0.00
,,,,,,,VAT,26.95
,,,,,,,Total,168.80
